Abgesang	43
Ackergerät	18
Armenhaus	36
Ausnahmegesetz	7
Dynamik	26
Einreichung	0
Eintagsfliege	46
Engpaß	47
Entscheidung	16
Festspiel	20
Frechheit	8
Fuß	28
Gesichtsausdruck	14
Knotenpunkt	27
Kubikmeter	1
Lyzeum	23
Manschette	13
Mißklang	21
Mulatte	30
Naturschönheit	11
Ohrwurm	45
Pachtzins	4
Rezeption	41
Schmiere	33
Seminar	37
Sensation	42
Spielball	10
Tier	9
Titel	32
Tragfähigkeit	2
Truppenteil	19
Unentschlossenheit	3
abbauen	39
abdecken	29
abgebrüht	40
artikulieren	44
aufrechterhalten	22
ausspannen	38
beimischen	15
packen	12
verbauen	31
vergönnen	17
voranstellen	35
vorliegen	6
vorweisen	34
weitgreifend	5
zersetzen	25
überspannen	24
